misProyectos/alarma/out/alarma.elf	0x1a0003ec	0x00000022	t	AsciiAEntero
misProyectos/alarma/out/alarma.elf	0x10000170	0x00000001	b	ledState
misProyectos/alarma/out/alarma.elf	0x1a000644	0x00000008	t	schedulerGoToSleep
misProyectos/alarma/out/alarma.elf	0x10000030	0x000000f5	d	menu
misProyectos/alarma/out/alarma.elf	0x1000017d	0x00000001	b	debugPrint
misProyectos/alarma/out/alarma.elf	0x1a000a7c	0x00000002	t	errorOcurred
misProyectos/alarma/out/alarma.elf	0x1a000a80	0x00000002	t	doNothing
misProyectos/alarma/out/alarma.elf	0x1a0030a4	0x00000030	t	timer_sd
misProyectos/alarma/out/alarma.elf	0x10000128	0x00000040	d	timer_dd
misProyectos/alarma/out/alarma.elf	0x10000180	0x00000011	b	result.10353
misProyectos/alarma/out/alarma.elf	0x1a0012a0	0x0000002c	t	gpioObtainPinConfig
misProyectos/alarma/out/alarma.elf	0x1a001530	0x00000040	t	Board_LED_Init
misProyectos/alarma/out/alarma.elf	0x1a00326c	0x0000000c	t	gpioLEDBits
misProyectos/alarma/out/alarma.elf	0x1a003288	0x00000060	t	pinmuxing
misProyectos/alarma/out/alarma.elf	0x1a0032e8	0x0000000c	t	InitClkStates
misProyectos/alarma/out/alarma.elf	0x1a001808	0x0000002c	t	Chip_UART_GetIndex
misProyectos/alarma/out/alarma.elf	0x1a001834	0x00000048	t	Chip_UART_ABIntHandler
misProyectos/alarma/out/alarma.elf	0x1a0032f4	0x00000008	t	UART_PClock
misProyectos/alarma/out/alarma.elf	0x1a0032fc	0x00000008	t	UART_BClock
misProyectos/alarma/out/alarma.elf	0x10000194	0x00000001	b	ABsyncSts
misProyectos/alarma/out/alarma.elf	0x1a001d68	0x00000034	t	Chip_USB_PllSetup
misProyectos/alarma/out/alarma.elf	0x1a003304	0x00000014	t	usbPLLSetup
misProyectos/alarma/out/alarma.elf	0x1a001e2c	0x000000a8	t	pll_calc_divs
misProyectos/alarma/out/alarma.elf	0x1a001ed4	0x00000104	t	pll_get_frac
misProyectos/alarma/out/alarma.elf	0x1a001fd8	0x00000024	t	Chip_Clock_TestMainPLLMultiplier
misProyectos/alarma/out/alarma.elf	0x1a001ffc	0x00000048	t	Chip_Clock_FindBaseClock
misProyectos/alarma/out/alarma.elf	0x1a002424	0x00000022	t	Chip_Clock_GetDivRate
misProyectos/alarma/out/alarma.elf	0x1a003318	0x0000006c	t	periph_to_base
misProyectos/alarma/out/alarma.elf	0x10000198	0x00000008	b	audio_usb_pll_freq
misProyectos/alarma/out/alarma.elf	0x1a003390	0x00000048	t	InitClkStates
misProyectos/alarma/out/alarma.elf	0x1a002894	0x0000002c	t	Chip_TIMER_GetClockIndex
misProyectos/alarma/out/alarma.elf	0x1a080000	0x00000000	a	__top_MFlashA512
misProyectos/alarma/out/alarma.elf	0x1a0033e0	0x00000000	r	__exidx_end
misProyectos/alarma/out/alarma.elf	0x1a0033e0	0x00000000	r	_etext
misProyectos/alarma/out/alarma.elf	0x20008000	0x00000000	a	__top_RamAHB32
misProyectos/alarma/out/alarma.elf	0x1a0033d8	0x00000000	t	__exidx_start
misProyectos/alarma/out/alarma.elf	0x20010000	0x00000000	a	__top_RamAHB_ETB16
misProyectos/alarma/out/alarma.elf	0x10008000	0x00000000	a	__top_RamLoc32
misProyectos/alarma/out/alarma.elf:         U __sf_fake_stderr
misProyectos/alarma/out/alarma.elf:         U _printf_float
misProyectos/alarma/out/alarma.elf:         U __sf_fake_stdin
misProyectos/alarma/out/alarma.elf	0x2000c000	0x00000000	a	__top_RamAHB16
misProyectos/alarma/out/alarma.elf	0x1008a000	0x00000000	a	__top_RamLoc40
misProyectos/alarma/out/alarma.elf	0x1000035c	0x00000000	b	_pvHeapStart
misProyectos/alarma/out/alarma.elf	0x1b080000	0x00000000	a	__top_MFlashB512
misProyectos/alarma/out/alarma.elf:         U __sf_fake_stdout
misProyectos/alarma/out/alarma.elf	0x1a0020f4	0x0000001c	T	Chip_Clock_GetDividerSource
misProyectos/alarma/out/alarma.elf	0x10000018	0x00000008	D	periodoActivo
misProyectos/alarma/out/alarma.elf	0x1a002a8c	0x0000002e	T	__gnu_uldivmod_helper
misProyectos/alarma/out/alarma.elf	0x1a000ce4	0x00000040	T	TIMER2_IRQHandler
misProyectos/alarma/out/alarma.elf	0x1a000194	0x00000002	W	DebugMon_Handler
misProyectos/alarma/out/alarma.elf	0x1a0001a0	0x00000002	W	RIT_IRQHandler
misProyectos/alarma/out/alarma.elf	0x1a000b90	0x00000040	T	Timer_DeInit
misProyectos/alarma/out/alarma.elf	0x100001a0	0x00000004	B	tareaBlinkyID
misProyectos/alarma/out/alarma.elf	0x1a0001a0	0x00000002	W	ADCHS_IRQHandler
misProyectos/alarma/out/alarma.elf	0x1a00041c	0x00000074	T	taskBlinkLed
misProyectos/alarma/out/alarma.elf	0x1a002ac0	0x0000029c	T	__divdi3
misProyectos/alarma/out/alarma.elf	0x1a000114	0x00000000	T	__section_table_start
misProyectos/alarma/out/alarma.elf	0x1a0001a0	0x00000002	W	FLASH_EEPROM_IRQHandler
misProyectos/alarma/out/alarma.elf	0x1a0010fc	0x0000008c	T	int64ToString
misProyectos/alarma/out/alarma.elf	0x1a0001a0	0x00000002	W	I2C0_IRQHandler
misProyectos/alarma/out/alarma.elf	0x1a000924	0x00000044	T	uartReadByte
misProyectos/alarma/out/alarma.elf	0x1a000300	0x00000018	T	InicializarUART
misProyectos/alarma/out/alarma.elf	0x1a001d9c	0x00000034	T	Chip_USB0_Init
misProyectos/alarma/out/alarma.elf	0x1a00190c	0x00000010	T	Chip_UART_CheckBusy
misProyectos/alarma/out/alarma.elf	0x1a000e6c	0x0000003e	T	delayRead
misProyectos/alarma/out/alarma.elf	0x1a000180	0x00000002	W	HardFault_Handler
misProyectos/alarma/out/alarma.elf	0x1a001ba0	0x0000000c	T	Chip_UART_GetABEOStatus
misProyectos/alarma/out/alarma.elf	0x1a000000	0x00000000	A	__vectors_start__
misProyectos/alarma/out/alarma.elf	0x1a001cb4	0x00000030	T	RingBuffer_Pop
misProyectos/alarma/out/alarma.elf	0x1a0015dc	0x00000014	T	Board_UARTPutSTR
misProyectos/alarma/out/alarma.elf	0x1a0024d8	0x00000018	T	Chip_Clock_DisableBaseClock
misProyectos/alarma/out/alarma.elf	0x1a000f58	0x00000024	T	SysTick_Handler
misProyectos/alarma/out/alarma.elf	0x1a001988	0x00000044	T	Chip_UART_SetBaud
misProyectos/alarma/out/alarma.elf	0x1a002264	0x0000009c	T	Chip_Clock_SetupMainPLLMult
misProyectos/alarma/out/alarma.elf	0x1a000f90	0x00000008	T	printString
misProyectos/alarma/out/alarma.elf	0x1a0001a0	0x00000002	W	SDIO_IRQHandler
misProyectos/alarma/out/alarma.elf	0x1a0015c0	0x0000001c	T	Board_UARTGetChar
misProyectos/alarma/out/alarma.elf	0x1a0001a0	0x00000002	W	ATIMER_IRQHandler
misProyectos/alarma/out/alarma.elf	0x1a0011fc	0x000000a4	T	uintToAsciiHex
misProyectos/alarma/out/alarma.elf	0x1a000198	0x00000002	W	PendSV_Handler
misProyectos/alarma/out/alarma.elf	0x1a00017c	0x00000002	W	NMI_Handler
misProyectos/alarma/out/alarma.elf	0x1a000150	0x00000000	T	__data_section_table_end
misProyectos/alarma/out/alarma.elf	0x1a0001a0	0x00000002	W	I2C1_IRQHandler
misProyectos/alarma/out/alarma.elf	0x1a0001a0	0x00000002	W	UART1_IRQHandler
misProyectos/alarma/out/alarma.elf	0x1a0001a0	0x00000002	W	GPIO5_IRQHandler
misProyectos/alarma/out/alarma.elf	0x1a0006d0	0x00000040	T	schedulerDispatchTasks
misProyectos/alarma/out/alarma.elf	0x1a0001a0	0x00000002	W	CAN1_IRQHandler
misProyectos/alarma/out/alarma.elf	0x1a0026e0	0x00000014	T	Chip_Clock_EnablePLL
misProyectos/alarma/out/alarma.elf	0x53ff4eee	0x00000000	A	__valid_user_code_checksum
misProyectos/alarma/out/alarma.elf	0x1a0016fc	0x00000028	T	Board_SSP_Init
misProyectos/alarma/out/alarma.elf	0x10000270	0x00000010	B	tout1
misProyectos/alarma/out/alarma.elf	0x1a0001a0	0x00000002	W	USB1_IRQHandler
misProyectos/alarma/out/alarma.elf	0x1a0001a0	0x00000002	W	I2S0_IRQHandler
misProyectos/alarma/out/alarma.elf	0x1a000998	0x00000084	T	waitForReceiveStringOrTimeout
misProyectos/alarma/out/alarma.elf	0x1a000d24	0x00000040	T	TIMER3_IRQHandler
misProyectos/alarma/out/alarma.elf	0x1a002534	0x0000000c	T	Chip_Clock_GetBaseClocktHz
misProyectos/alarma/out/alarma.elf	0x1a000178	0x00000002	T	UART0_IRQHandler
misProyectos/alarma/out/alarma.elf	0x1a0001c0	0x00000012	T	bss_init
misProyectos/alarma/out/alarma.elf	0x1a0028f0	0x00000028	T	Chip_TIMER_ExtMatchControlSet
misProyectos/alarma/out/alarma.elf	0x1a001a70	0x0000000e	T	Chip_UART_ReadRB
misProyectos/alarma/out/alarma.elf	0x1a0028d8	0x00000018	T	Chip_TIMER_Reset
misProyectos/alarma/out/alarma.elf	0x1a002fc8	0x00000016	T	memcpy
misProyectos/alarma/out/alarma.elf	0x1a0001a0	0x00000002	W	SGPIO_IRQHandler
misProyectos/alarma/out/alarma.elf	0x1a0028cc	0x0000000c	T	Chip_TIMER_DeInit
misProyectos/alarma/out/alarma.elf	0x1a0026a0	0x00000040	T	Chip_Clock_SetupPLL
misProyectos/alarma/out/alarma.elf	0x1a002a2c	0x00000000	T	__aeabi_uldivmod
misProyectos/alarma/out/alarma.elf	0x10000020	0x00000001	D	ledActivo
misProyectos/alarma/out/alarma.elf	0x1000035c	0x00000000	?	_noinit
misProyectos/alarma/out/alarma.elf	0x100001e4	0x00000044	B	colaTx
misProyectos/alarma/out/alarma.elf	0x1a000a58	0x00000018	T	uartWriteString
misProyectos/alarma/out/alarma.elf	0x10000358	0x00000004	B	SystemCoreClock
misProyectos/alarma/out/alarma.elf	0x1a00187c	0x00000050	T	Chip_UART_Init
misProyectos/alarma/out/alarma.elf	0x1a0001a0	0x00000002	W	ADC0_IRQHandler
misProyectos/alarma/out/alarma.elf	0x1a001c24	0x00000090	T	RingBuffer_InsertMult
misProyectos/alarma/out/alarma.elf	0x1a000e4c	0x00000020	T	delayConfig
misProyectos/alarma/out/alarma.elf	0x1a000fcc	0x00000022	T	printUIntFormat
misProyectos/alarma/out/alarma.elf	0x1a00018c	0x00000002	W	UsageFault_Handler
misProyectos/alarma/out/alarma.elf	0x1a002624	0x0000004c	T	Chip_Clock_GetRate
misProyectos/alarma/out/alarma.elf	0x1a0001a0	0x00000002	W	GPIO6_IRQHandler
misProyectos/alarma/out/alarma.elf	0x10000348	0x00000008	B	tickCounter
misProyectos/alarma/out/alarma.elf	0x1a001788	0x00000074	T	Board_SetupClocking
misProyectos/alarma/out/alarma.elf	0x1a00288c	0x00000008	T	Chip_SystemInit
misProyectos/alarma/out/alarma.elf	0x1a003284	0x00000004	T	ExtRateIn
misProyectos/alarma/out/alarma.elf	0x1a000850	0x00000028	T	EscribirCadenaCola
misProyectos/alarma/out/alarma.elf	0x1a0001a0	0x00000002	W	IntDefaultHandler
misProyectos/alarma/out/alarma.elf	0x1a000300	0x00000000	T	__CRP_WORD_END__
misProyectos/alarma/out/alarma.elf	0x1a000f4c	0x0000000c	T	tickWrite
misProyectos/alarma/out/alarma.elf	0x1a002974	0x00000002	T	Chip_GPIO_DeInit
misProyectos/alarma/out/alarma.elf	0x1a00065c	0x00000040	T	schedulerAddTask
misProyectos/alarma/out/alarma.elf	0x1a0001a0	0x00000002	W	GPIO1_IRQHandler
misProyectos/alarma/out/alarma.elf	0x1a000878	0x00000042	T	lineaColaAString
misProyectos/alarma/out/alarma.elf	0x1a000ec8	0x00000078	T	tickConfig
misProyectos/alarma/out/alarma.elf	0x1a001dd0	0x00000048	T	Chip_USB1_Init
misProyectos/alarma/out/alarma.elf	0x1a0001a0	0x00000002	W	SSP0_IRQHandler
misProyectos/alarma/out/alarma.elf	0x1a0012cc	0x0000019c	T	gpioConfig
misProyectos/alarma/out/alarma.elf	0x1a0002fc	0x00000004	T	CRP_WORD
misProyectos/alarma/out/alarma.elf	0x1a002878	0x00000014	T	Chip_SetupIrcClocking
misProyectos/alarma/out/alarma.elf	0x1a002d5c	0x0000026a	T	__udivdi3
misProyectos/alarma/out/alarma.elf	0x1a0001a0	0x00000002	W	ADC1_IRQHandler
misProyectos/alarma/out/alarma.elf	0x1000017c	0x00000001	B	errorCode
misProyectos/alarma/out/alarma.elf	0x1a001bf4	0x00000030	T	RingBuffer_Insert
misProyectos/alarma/out/alarma.elf	0x1a001684	0x00000028	T	Board_Init
misProyectos/alarma/out/alarma.elf	0x1a000114	0x00000000	T	__data_section_table
misProyectos/alarma/out/alarma.elf	0x10000280	0x00000030	B	antirreboteMEF_ventana1
misProyectos/alarma/out/alarma.elf	0x1a000318	0x00000038	T	taskUARTGetChar
misProyectos/alarma/out/alarma.elf	0x1a0001a0	0x00000002	W	RTC_IRQHandler
misProyectos/alarma/out/alarma.elf	0x1000035c	0x00000000	B	_ebss
misProyectos/alarma/out/alarma.elf	0x1a000c6c	0x0000003c	T	TIMER0_IRQHandler
misProyectos/alarma/out/alarma.elf	0x1a00064c	0x00000010	T	schedulerUpdatePeriod
misProyectos/alarma/out/alarma.elf	0x1a0001a0	0x00000002	W	SPI_IRQHandler
misProyectos/alarma/out/alarma.elf	0x1a0001a0	0x00000002	W	LCD_IRQHandler
misProyectos/alarma/out/alarma.elf	0x1a002044	0x0000004c	T	Chip_Clock_EnableCrystal
misProyectos/alarma/out/alarma.elf	0x1a00100c	0x000000ee	T	boardConfig
misProyectos/alarma/out/alarma.elf	0x1a000490	0x000001b4	T	taskActualizarLeds
misProyectos/alarma/out/alarma.elf	0x10000000	0x00000018	D	periodos
misProyectos/alarma/out/alarma.elf	0x1a0001a4	0x0000001a	T	data_init
misProyectos/alarma/out/alarma.elf	0x1a000ca8	0x0000003c	T	TIMER1_IRQHandler
misProyectos/alarma/out/alarma.elf	0x1a0020a0	0x00000054	T	Chip_Clock_SetDivider
misProyectos/alarma/out/alarma.elf	0x10000024	0x00000006	D	leds
misProyectos/alarma/out/alarma.elf	0x1a000a70	0x00000002	T	UART2_IRQHandler
misProyectos/alarma/out/alarma.elf	0x1a000f98	0x00000010	T	printEnter
misProyectos/alarma/out/alarma.elf	0x1a0023bc	0x00000068	T	Chip_Clock_GetMainPLLHz
misProyectos/alarma/out/alarma.elf	0x1a0018cc	0x0000001c	T	Chip_UART_DeInit
misProyectos/alarma/out/alarma.elf	0x1a000a78	0x00000004	T	sAPI_NullFuncPtr
misProyectos/alarma/out/alarma.elf	0x1a000968	0x00000030	T	uartWriteByte
misProyectos/alarma/out/alarma.elf	0x1a001518	0x00000016	T	gpioToggle
misProyectos/alarma/out/alarma.elf	0x1a0001a0	0x00000002	W	GPIO2_IRQHandler
misProyectos/alarma/out/alarma.elf	0x1a002090	0x00000010	T	Chip_Clock_DisableCrystal
misProyectos/alarma/out/alarma.elf	0x1a0025fc	0x00000014	T	Chip_Clock_StartPowerDown
misProyectos/alarma/out/alarma.elf	0x1a000a84	0x0000010c	T	Timer_Init
misProyectos/alarma/out/alarma.elf	0x1a0003dc	0x00000010	T	schedulerStart
misProyectos/alarma/out/alarma.elf	0x1a000bd0	0x00000008	T	Timer_microsecondsToTicks
misProyectos/alarma/out/alarma.elf	0x1a002510	0x00000024	T	Chip_Clock_GetBaseClock
misProyectos/alarma/out/alarma.elf	0x1a002708	0x0000000c	T	Chip_Clock_GetPLLStatus
misProyectos/alarma/out/alarma.elf	0x1a0019cc	0x00000024	T	Chip_UART_RXIntHandlerRB
misProyectos/alarma/out/alarma.elf	0x1a001a2c	0x00000042	T	Chip_UART_SendRB
misProyectos/alarma/out/alarma.elf	0x10000170	0x00000000	B	_bss
misProyectos/alarma/out/alarma.elf	0x1a0001a0	0x00000002	W	I2S1_IRQHandler
misProyectos/alarma/out/alarma.elf	0x1a00069c	0x00000034	T	schedulerDeleteTask
misProyectos/alarma/out/alarma.elf	0x1a002300	0x000000bc	T	Chip_Clock_SetupMainPLLHz
misProyectos/alarma/out/alarma.elf	0x1a002970	0x00000002	T	Chip_GPIO_Init
misProyectos/alarma/out/alarma.elf	0x1a003280	0x00000004	T	OscRateIn
misProyectos/alarma/out/alarma.elf	0x1a0016ac	0x00000024	T	Board_I2C_Init
misProyectos/alarma/out/alarma.elf	0x1000035c	0x00000000	?	_end_noinit
misProyectos/alarma/out/alarma.elf	0x10008000	0x00000000	A	_vStackTop
misProyectos/alarma/out/alarma.elf	0x1a001660	0x00000024	T	Board_ENET_GetMacADDR
misProyectos/alarma/out/alarma.elf	0x1a000d64	0x00000052	T	delayInaccurate
misProyectos/alarma/out/alarma.elf	0x1a0001a0	0x00000002	W	SSP1_IRQHandler
misProyectos/alarma/out/alarma.elf	0x1a0028c0	0x0000000c	T	Chip_TIMER_Init
misProyectos/alarma/out/alarma.elf	0x1a0024f0	0x00000020	T	Chip_Clock_IsBaseClockEnabled
misProyectos/alarma/out/alarma.elf	0x1a000178	0x00000000	T	__bss_section_table_end
misProyectos/alarma/out/alarma.elf	0x1a00248c	0x00000034	T	Chip_Clock_GetBaseClockOpts
misProyectos/alarma/out/alarma.elf	0x1a0008bc	0x00000004	T	sleepUntilNextInterrupt
misProyectos/alarma/out/alarma.elf	0x1a002abc	0x00000002	W	__aeabi_ldiv0
misProyectos/alarma/out/alarma.elf	0x1a001ce4	0x00000082	T	RingBuffer_PopMult
misProyectos/alarma/out/alarma.elf	0x10000178	0x00000004	B	ledIndice
misProyectos/alarma/out/alarma.elf	0x1a0001a0	0x00000002	W	USB0_IRQHandler
misProyectos/alarma/out/alarma.elf	0x1a0025c8	0x00000034	T	Chip_Clock_Disable
misProyectos/alarma/out/alarma.elf	0x1a0001a0	0x00000002	W	GPIO3_IRQHandler
misProyectos/alarma/out/alarma.elf	0x1a000c10	0x00000044	T	Timer_DisableCompareMatch
misProyectos/alarma/out/alarma.elf	0x1a0015ac	0x00000014	T	Board_UARTPutChar
misProyectos/alarma/out/alarma.elf	0x1a0018e8	0x00000022	T	Chip_UART_Send
misProyectos/alarma/out/alarma.elf	0x1a0001a0	0x00000002	W	SCT_IRQHandler
misProyectos/alarma/out/alarma.elf	0x1a002670	0x00000030	T	Chip_Clock_GetEMCRate
misProyectos/alarma/out/alarma.elf	0x1a001188	0x00000074	T	uint64ToString
misProyectos/alarma/out/alarma.elf	0x1a001a80	0x00000036	T	Chip_UART_IRQRBHandler
misProyectos/alarma/out/alarma.elf	0x1a002110	0x0000001c	T	Chip_Clock_GetDividerDivisor
misProyectos/alarma/out/alarma.elf	0x1a0002fc	0x00000000	T	__CRP_WORD_START__
misProyectos/alarma/out/alarma.elf	0x1a002fde	0x00000010	T	memset
misProyectos/alarma/out/alarma.elf	0x1a000184	0x00000002	W	MemManage_Handler
misProyectos/alarma/out/alarma.elf	0x1a000714	0x00000090	T	main
misProyectos/alarma/out/alarma.elf	0x1a001940	0x00000022	T	Chip_UART_Read
misProyectos/alarma/out/alarma.elf	0x1a0001a0	0x00000002	W	WDT_IRQHandler
misProyectos/alarma/out/alarma.elf	0x1a000190	0x00000002	W	SVC_Handler
misProyectos/alarma/out/alarma.elf	0x1a000380	0x0000003c	T	schedulerUpdate
misProyectos/alarma/out/alarma.elf	0x1a000bd8	0x00000038	T	Timer_EnableCompareMatch
misProyectos/alarma/out/alarma.elf	0x1a002864	0x00000014	T	Chip_SetupXtalClocking
misProyectos/alarma/out/alarma.elf	0x1a001648	0x00000016	T	Board_LED_Toggle
misProyectos/alarma/out/alarma.elf	0x1a0007b8	0x0000004a	T	EscribirCola
misProyectos/alarma/out/alarma.elf	0x1a000410	0x0000000c	T	apagarLeds
misProyectos/alarma/out/alarma.elf	0x100002b0	0x00000001	B	alarmaEstado
misProyectos/alarma/out/alarma.elf	0x1a0001a0	0x00000002	W	GPIO7_IRQHandler
misProyectos/alarma/out/alarma.elf	0x1a002540	0x0000003c	T	Chip_Clock_EnableOpts
misProyectos/alarma/out/alarma.elf	0x1a003134	0x00000136	T	gpioPinsConfig
misProyectos/alarma/out/alarma.elf	0x1a00212c	0x000000b8	T	Chip_Clock_GetClockInputHz
misProyectos/alarma/out/alarma.elf	0x1a002918	0x00000058	T	fpuInit
misProyectos/alarma/out/alarma.elf	0x1a001618	0x00000030	T	Board_LED_Test
misProyectos/alarma/out/alarma.elf	0x1a0021e4	0x00000080	T	Chip_Clock_CalcMainPLLValue
misProyectos/alarma/out/alarma.elf	0x1a001738	0x0000001c	T	SystemInit
misProyectos/alarma/out/alarma.elf	0x1a0001a0	0x00000002	W	SPIFI_IRQHandler
misProyectos/alarma/out/alarma.elf	0x1a000e14	0x00000038	T	delay
misProyectos/alarma/out/alarma.elf	0x1a0001a0	0x00000002	W	QEI_IRQHandler
misProyectos/alarma/out/alarma.elf	0x1a000150	0x00000000	T	__bss_section_table
misProyectos/alarma/out/alarma.elf	0x1a0025b0	0x00000018	T	Chip_Clock_RTCEnable
misProyectos/alarma/out/alarma.elf	0x1a001468	0x00000058	T	gpioWrite
misProyectos/alarma/out/alarma.elf	0x1a00191c	0x00000024	T	Chip_UART_SendBlocking
misProyectos/alarma/out/alarma.elf	0x1a001754	0x00000034	T	Board_SetupMuxing
misProyectos/alarma/out/alarma.elf	0x1a001ab8	0x000000e8	T	Chip_UART_SetBaudFDR
misProyectos/alarma/out/alarma.elf	0x1a000f40	0x0000000c	T	tickRead
misProyectos/alarma/out/alarma.elf	0x10000350	0x00000008	B	tickRateMS
misProyectos/alarma/out/alarma.elf	0x1a0001a0	0x00000002	W	ETH_IRQHandler
misProyectos/alarma/out/alarma.elf	0x10000168	0x00000004	D	tickHookFunction
misProyectos/alarma/out/alarma.elf	0x10000000	0x00000000	?	_end_uninit_RESERVED
misProyectos/alarma/out/alarma.elf	0x1a000a1c	0x0000003a	T	waitForReceiveStringOrTimeoutBlocking
misProyectos/alarma/out/alarma.elf	0x1a0001a0	0x00000002	W	CAN0_IRQHandler
misProyectos/alarma/out/alarma.elf	0x1a000ff0	0x0000001a	T	printHex
misProyectos/alarma/out/alarma.elf	0x10000000	0x00000000	D	_data
misProyectos/alarma/out/alarma.elf	0x1a000178	0x00000000	T	__section_table_end
misProyectos/alarma/out/alarma.elf	0x1a000fa8	0x00000022	T	printIntFormat
misProyectos/alarma/out/alarma.elf	0x1a000350	0x00000030	T	taskUARTPutChar
misProyectos/alarma/out/alarma.elf	0x1a0008c0	0x00000064	T	uartConfig
misProyectos/alarma/out/alarma.elf	0x100002b8	0x00000030	B	antirreboteMEF_puerta
misProyectos/alarma/out/alarma.elf	0x1a0001a0	0x00000002	W	GINT0_IRQHandler
misProyectos/alarma/out/alarma.elf	0x1a0001a0	0x00000002	W	DAC_IRQHandler
misProyectos/alarma/out/alarma.elf	0x1a001584	0x00000028	T	Board_Debug_Init
misProyectos/alarma/out/alarma.elf	0x1000016c	0x00000000	D	_edata
misProyectos/alarma/out/alarma.elf	0x1a0001a0	0x00000002	W	M0SUB_IRQHandler
misProyectos/alarma/out/alarma.elf	0x1a001bac	0x00000038	T	Chip_UART_ABCmd
misProyectos/alarma/out/alarma.elf	0x1a000710	0x00000002	T	schedulerReportStatus
misProyectos/alarma/out/alarma.elf	0x1a002714	0x00000150	T	Chip_SetupCoreClock
misProyectos/alarma/out/alarma.elf	0x1a0001a0	0x00000002	W	GPIO0_IRQHandler
misProyectos/alarma/out/alarma.elf	0x1a0016d0	0x0000002c	T	Board_SDMMC_Init
misProyectos/alarma/out/alarma.elf	0x1a000000	0x00000114	T	g_pfnVectors
misProyectos/alarma/out/alarma.elf	0x1a002978	0x0000007c	T	ResetISR
misProyectos/alarma/out/alarma.elf	0x1a001e18	0x00000014	T	SystemCoreClockUpdate
misProyectos/alarma/out/alarma.elf	0x1a001724	0x00000014	T	Board_DAC_Init
misProyectos/alarma/out/alarma.elf	0x1a000f80	0x0000000e	T	printConfigUart
misProyectos/alarma/out/alarma.elf	0x1a0001a0	0x00000002	W	DMA_IRQHandler
misProyectos/alarma/out/alarma.elf	0x1a0001a0	0x00000002	W	EVRT_IRQHandler
misProyectos/alarma/out/alarma.elf	0x1a001be4	0x00000010	T	RingBuffer_Init
misProyectos/alarma/out/alarma.elf	0x1a000db8	0x0000005a	T	delayInaccurateUs
misProyectos/alarma/out/alarma.elf	0x1a002abc	0x00000002	W	__aeabi_idiv0
misProyectos/alarma/out/alarma.elf	0x1a0026f4	0x00000014	T	Chip_Clock_DisablePLL
misProyectos/alarma/out/alarma.elf	0x1a000f7c	0x00000004	T	printSetUart
misProyectos/alarma/out/alarma.elf	0x1a002610	0x00000014	T	Chip_Clock_ClearPowerDown
misProyectos/alarma/out/alarma.elf	0x1a0019f0	0x0000003a	T	Chip_UART_TXIntHandlerRB
misProyectos/alarma/out/alarma.elf	0x1a000188	0x00000002	W	BusFault_Handler
misProyectos/alarma/out/alarma.elf	0x100002e8	0x00000030	B	antirreboteMEF_ventana3
misProyectos/alarma/out/alarma.elf	0x10000318	0x00000030	B	antirreboteMEF_ventana2
misProyectos/alarma/out/alarma.elf	0x1a00257c	0x00000034	T	Chip_Clock_Enable
misProyectos/alarma/out/alarma.elf	0x1a000a74	0x00000002	T	UART3_IRQHandler
misProyectos/alarma/out/alarma.elf	0x1a000eac	0x0000001c	T	delayWrite
misProyectos/alarma/out/alarma.elf	0x1a0001a0	0x00000002	W	MCPWM_IRQHandler
misProyectos/alarma/out/alarma.elf	0x1a002a5c	0x0000002e	T	__gnu_ldivmod_helper
misProyectos/alarma/out/alarma.elf	0x10000228	0x00000044	B	colaRx
misProyectos/alarma/out/alarma.elf	0x1a0015f0	0x00000028	T	Board_LED_Set
misProyectos/alarma/out/alarma.elf	0x1a0001a0	0x00000002	W	M0APP_IRQHandler
misProyectos/alarma/out/alarma.elf	0x1a0014c0	0x00000058	T	gpioRead
misProyectos/alarma/out/alarma.elf	0x100001a4	0x00000040	B	schedulerTasks
misProyectos/alarma/out/alarma.elf	0x1a000804	0x0000004c	T	LeerCola
misProyectos/alarma/out/alarma.elf	0x10000174	0x00000004	B	periodoIndice
misProyectos/alarma/out/alarma.elf	0x1a0001a0	0x00000002	W	GINT1_IRQHandler
misProyectos/alarma/out/alarma.elf	0x1a0003bc	0x00000020	T	schedulerInit
misProyectos/alarma/out/alarma.elf	0x1a0029f4	0x00000000	T	__aeabi_ldivmod
misProyectos/alarma/out/alarma.elf	0x1a000c54	0x00000018	T	Timer_SetCompareMatch
misProyectos/alarma/out/alarma.elf	0x1a001964	0x00000024	T	Chip_UART_ReadBlocking
misProyectos/alarma/out/alarma.elf	0x1a001570	0x00000014	T	Board_UART_Init
misProyectos/alarma/out/alarma.elf	0x1a0007a4	0x00000014	T	InicializarCola
misProyectos/alarma/out/alarma.elf	0x1a0024c0	0x00000018	T	Chip_Clock_EnableBaseClock
misProyectos/alarma/out/alarma.elf	0x1a002448	0x00000044	T	Chip_Clock_SetBaseClock
misProyectos/alarma/out/alarma.elf	0x1a0001a0	0x00000002	W	GPIO4_IRQHandler
misProyectos/alarma/out/alarma.elf	0x1a0017fc	0x0000000c	T	Board_SystemInit
