myProject/out/myProject.elf	0x10000048	0x00000001	b	debugPrint
myProject/out/myProject.elf	0x10000049	0x00000001	b	consolePrint
myProject/out/myProject.elf	0x1a0005c4	0x00000002	t	errorOcurred
myProject/out/myProject.elf	0x1a0005c8	0x00000002	t	doNothing
myProject/out/myProject.elf	0x1a002bc0	0x00000030	t	timer_sd
myProject/out/myProject.elf	0x10000000	0x00000040	d	timer_dd
myProject/out/myProject.elf	0x1000004c	0x00000011	b	result.10353
myProject/out/myProject.elf	0x1a000de8	0x0000002c	t	gpioObtainPinConfig
myProject/out/myProject.elf	0x1a001078	0x00000040	t	Board_LED_Init
myProject/out/myProject.elf	0x1a002d88	0x0000000c	t	gpioLEDBits
myProject/out/myProject.elf	0x1a002da4	0x00000060	t	pinmuxing
myProject/out/myProject.elf	0x1a002e04	0x0000000c	t	InitClkStates
myProject/out/myProject.elf	0x1a001350	0x0000002c	t	Chip_UART_GetIndex
myProject/out/myProject.elf	0x1a00137c	0x00000048	t	Chip_UART_ABIntHandler
myProject/out/myProject.elf	0x1a002e10	0x00000008	t	UART_PClock
myProject/out/myProject.elf	0x1a002e18	0x00000008	t	UART_BClock
myProject/out/myProject.elf	0x10000060	0x00000001	b	ABsyncSts
myProject/out/myProject.elf	0x1a0018b0	0x00000034	t	Chip_USB_PllSetup
myProject/out/myProject.elf	0x1a002e20	0x00000014	t	usbPLLSetup
myProject/out/myProject.elf	0x1a001974	0x000000a8	t	pll_calc_divs
myProject/out/myProject.elf	0x1a001a1c	0x00000104	t	pll_get_frac
myProject/out/myProject.elf	0x1a001b20	0x00000024	t	Chip_Clock_TestMainPLLMultiplier
myProject/out/myProject.elf	0x1a001b44	0x00000048	t	Chip_Clock_FindBaseClock
myProject/out/myProject.elf	0x1a001f6c	0x00000022	t	Chip_Clock_GetDivRate
myProject/out/myProject.elf	0x1a002e34	0x0000006c	t	periph_to_base
myProject/out/myProject.elf	0x10000064	0x00000008	b	audio_usb_pll_freq
myProject/out/myProject.elf	0x1a002eac	0x00000048	t	InitClkStates
myProject/out/myProject.elf	0x1a0023dc	0x0000002c	t	Chip_TIMER_GetClockIndex
myProject/out/myProject.elf	0x1a080000	0x00000000	a	__top_MFlashA512
myProject/out/myProject.elf	0x1a002efc	0x00000000	r	__exidx_end
myProject/out/myProject.elf	0x1a002efc	0x00000000	r	_etext
myProject/out/myProject.elf	0x20008000	0x00000000	a	__top_RamAHB32
myProject/out/myProject.elf	0x1a002ef4	0x00000000	t	__exidx_start
myProject/out/myProject.elf	0x20010000	0x00000000	a	__top_RamAHB_ETB16
myProject/out/myProject.elf	0x10008000	0x00000000	a	__top_RamLoc32
myProject/out/myProject.elf	0x2000c000	0x00000000	a	__top_RamAHB16
myProject/out/myProject.elf	0x1008a000	0x00000000	a	__top_RamLoc40
myProject/out/myProject.elf	0x10000084	0x00000000	b	_pvHeapStart
myProject/out/myProject.elf	0x1b080000	0x00000000	a	__top_MFlashB512
myProject/out/myProject.elf	0x1a001c3c	0x0000001c	T	Chip_Clock_GetDividerSource
myProject/out/myProject.elf	0x1a0025d4	0x0000002e	T	__gnu_uldivmod_helper
myProject/out/myProject.elf	0x1a00082c	0x00000040	T	TIMER2_IRQHandler
myProject/out/myProject.elf	0x1a000194	0x00000002	W	DebugMon_Handler
myProject/out/myProject.elf	0x1a0001a0	0x00000002	W	RIT_IRQHandler
myProject/out/myProject.elf	0x1a0006d8	0x00000040	T	Timer_DeInit
myProject/out/myProject.elf	0x1a0001a0	0x00000002	W	ADCHS_IRQHandler
myProject/out/myProject.elf	0x1a002608	0x0000029c	T	__divdi3
myProject/out/myProject.elf	0x1a000114	0x00000000	T	__section_table_start
myProject/out/myProject.elf	0x1a0001a0	0x00000002	W	FLASH_EEPROM_IRQHandler
myProject/out/myProject.elf	0x1a000c44	0x0000008c	T	int64ToString
myProject/out/myProject.elf	0x1a0001a0	0x00000002	W	I2C0_IRQHandler
myProject/out/myProject.elf	0x1a00046c	0x00000044	T	uartReadByte
myProject/out/myProject.elf	0x1a0018e4	0x00000034	T	Chip_USB0_Init
myProject/out/myProject.elf	0x1a001454	0x00000010	T	Chip_UART_CheckBusy
myProject/out/myProject.elf	0x1a0009b4	0x0000003e	T	delayRead
myProject/out/myProject.elf	0x1a000180	0x00000002	W	HardFault_Handler
myProject/out/myProject.elf	0x1a0016e8	0x0000000c	T	Chip_UART_GetABEOStatus
myProject/out/myProject.elf	0x1a000000	0x00000000	A	__vectors_start__
myProject/out/myProject.elf	0x1a0017fc	0x00000030	T	RingBuffer_Pop
myProject/out/myProject.elf	0x1a001124	0x00000014	T	Board_UARTPutSTR
myProject/out/myProject.elf	0x1a002020	0x00000018	T	Chip_Clock_DisableBaseClock
myProject/out/myProject.elf	0x1a000aa0	0x00000024	T	SysTick_Handler
myProject/out/myProject.elf	0x1a0014d0	0x00000044	T	Chip_UART_SetBaud
myProject/out/myProject.elf	0x1a001dac	0x0000009c	T	Chip_Clock_SetupMainPLLMult
myProject/out/myProject.elf	0x1a000ad8	0x00000008	T	printString
myProject/out/myProject.elf	0x1a0001a0	0x00000002	W	SDIO_IRQHandler
myProject/out/myProject.elf	0x1a001108	0x0000001c	T	Board_UARTGetChar
myProject/out/myProject.elf	0x1a0001a0	0x00000002	W	ATIMER_IRQHandler
myProject/out/myProject.elf	0x1a000d44	0x000000a4	T	uintToAsciiHex
myProject/out/myProject.elf	0x1a000198	0x00000002	W	PendSV_Handler
myProject/out/myProject.elf	0x1a00017c	0x00000002	W	NMI_Handler
myProject/out/myProject.elf	0x1a000150	0x00000000	T	__data_section_table_end
myProject/out/myProject.elf	0x1a0001a0	0x00000002	W	I2C1_IRQHandler
myProject/out/myProject.elf	0x1a0001a0	0x00000002	W	UART1_IRQHandler
myProject/out/myProject.elf	0x1a0001a0	0x00000002	W	GPIO5_IRQHandler
myProject/out/myProject.elf	0x1a0001a0	0x00000002	W	CAN1_IRQHandler
myProject/out/myProject.elf	0x1a002228	0x00000014	T	Chip_Clock_EnablePLL
myProject/out/myProject.elf	0x53ff53a6	0x00000000	A	__valid_user_code_checksum
myProject/out/myProject.elf	0x1a001244	0x00000028	T	Board_SSP_Init
myProject/out/myProject.elf	0x1a0001a0	0x00000002	W	USB1_IRQHandler
myProject/out/myProject.elf	0x1a0001a0	0x00000002	W	I2S0_IRQHandler
myProject/out/myProject.elf	0x1a0004e0	0x00000084	T	waitForReceiveStringOrTimeout
myProject/out/myProject.elf	0x1a00086c	0x00000040	T	TIMER3_IRQHandler
myProject/out/myProject.elf	0x1a00207c	0x0000000c	T	Chip_Clock_GetBaseClocktHz
myProject/out/myProject.elf	0x1a000178	0x00000002	T	UART0_IRQHandler
myProject/out/myProject.elf	0x1a0001c0	0x00000012	T	bss_init
myProject/out/myProject.elf	0x1a002438	0x00000028	T	Chip_TIMER_ExtMatchControlSet
myProject/out/myProject.elf	0x1a0015b8	0x0000000e	T	Chip_UART_ReadRB
myProject/out/myProject.elf	0x1a002420	0x00000018	T	Chip_TIMER_Reset
myProject/out/myProject.elf	0x1a002b10	0x00000016	T	memcpy
myProject/out/myProject.elf	0x1a0001a0	0x00000002	W	SGPIO_IRQHandler
myProject/out/myProject.elf	0x1a002414	0x0000000c	T	Chip_TIMER_DeInit
myProject/out/myProject.elf	0x1a0021e8	0x00000040	T	Chip_Clock_SetupPLL
myProject/out/myProject.elf	0x1a002574	0x00000000	T	__aeabi_uldivmod
myProject/out/myProject.elf	0x10000084	0x00000000	?	_noinit
myProject/out/myProject.elf	0x1a0005a0	0x00000018	T	uartWriteString
myProject/out/myProject.elf	0x10000080	0x00000004	B	SystemCoreClock
myProject/out/myProject.elf	0x1a0013c4	0x00000050	T	Chip_UART_Init
myProject/out/myProject.elf	0x1a0001a0	0x00000002	W	ADC0_IRQHandler
myProject/out/myProject.elf	0x1a00176c	0x00000090	T	RingBuffer_InsertMult
myProject/out/myProject.elf	0x1a000994	0x00000020	T	delayConfig
myProject/out/myProject.elf	0x1a000b14	0x00000022	T	printUIntFormat
myProject/out/myProject.elf	0x1a00018c	0x00000002	W	UsageFault_Handler
myProject/out/myProject.elf	0x1a00216c	0x0000004c	T	Chip_Clock_GetRate
myProject/out/myProject.elf	0x1a0001a0	0x00000002	W	GPIO6_IRQHandler
myProject/out/myProject.elf	0x10000070	0x00000008	B	tickCounter
myProject/out/myProject.elf	0x1a0012d0	0x00000074	T	Board_SetupClocking
myProject/out/myProject.elf	0x1a0023d4	0x00000008	T	Chip_SystemInit
myProject/out/myProject.elf	0x1a002da0	0x00000004	T	ExtRateIn
myProject/out/myProject.elf	0x1a0001a0	0x00000002	W	IntDefaultHandler
myProject/out/myProject.elf	0x1a000300	0x00000000	T	__CRP_WORD_END__
myProject/out/myProject.elf	0x1a000a94	0x0000000c	T	tickWrite
myProject/out/myProject.elf	0x1a0024bc	0x00000002	T	Chip_GPIO_DeInit
myProject/out/myProject.elf	0x1a0001a0	0x00000002	W	GPIO1_IRQHandler
myProject/out/myProject.elf	0x1a000a10	0x00000078	T	tickConfig
myProject/out/myProject.elf	0x1a001918	0x00000048	T	Chip_USB1_Init
myProject/out/myProject.elf	0x1a0001a0	0x00000002	W	SSP0_IRQHandler
myProject/out/myProject.elf	0x1a000e14	0x0000019c	T	gpioConfig
myProject/out/myProject.elf	0x1a0002fc	0x00000004	T	CRP_WORD
myProject/out/myProject.elf	0x1a0023c0	0x00000014	T	Chip_SetupIrcClocking
myProject/out/myProject.elf	0x1a0028a4	0x0000026a	T	__udivdi3
myProject/out/myProject.elf	0x1a0001a0	0x00000002	W	ADC1_IRQHandler
myProject/out/myProject.elf	0x1a00173c	0x00000030	T	RingBuffer_Insert
myProject/out/myProject.elf	0x1a0011cc	0x00000028	T	Board_Init
myProject/out/myProject.elf	0x1a000114	0x00000000	T	__data_section_table
myProject/out/myProject.elf	0x1a0001a0	0x00000002	W	RTC_IRQHandler
myProject/out/myProject.elf	0x10000084	0x00000000	B	_ebss
myProject/out/myProject.elf	0x1a0007b4	0x0000003c	T	TIMER0_IRQHandler
myProject/out/myProject.elf	0x1a0001a0	0x00000002	W	SPI_IRQHandler
myProject/out/myProject.elf	0x1a0001a0	0x00000002	W	LCD_IRQHandler
myProject/out/myProject.elf	0x1a001b8c	0x0000004c	T	Chip_Clock_EnableCrystal
myProject/out/myProject.elf	0x1a000b54	0x000000ee	T	boardConfig
myProject/out/myProject.elf	0x1a0001a4	0x0000001a	T	data_init
myProject/out/myProject.elf	0x1a0007f0	0x0000003c	T	TIMER1_IRQHandler
myProject/out/myProject.elf	0x1a001be8	0x00000054	T	Chip_Clock_SetDivider
myProject/out/myProject.elf	0x1a0005b8	0x00000002	T	UART2_IRQHandler
myProject/out/myProject.elf	0x1a000ae0	0x00000010	T	printEnter
myProject/out/myProject.elf	0x1a001f04	0x00000068	T	Chip_Clock_GetMainPLLHz
myProject/out/myProject.elf	0x1a001414	0x0000001c	T	Chip_UART_DeInit
myProject/out/myProject.elf	0x1a0005c0	0x00000004	T	sAPI_NullFuncPtr
myProject/out/myProject.elf	0x1a0004b0	0x00000030	T	uartWriteByte
myProject/out/myProject.elf	0x1a001060	0x00000016	T	gpioToggle
myProject/out/myProject.elf	0x1a0001a0	0x00000002	W	GPIO2_IRQHandler
myProject/out/myProject.elf	0x1a001bd8	0x00000010	T	Chip_Clock_DisableCrystal
myProject/out/myProject.elf	0x1a002144	0x00000014	T	Chip_Clock_StartPowerDown
myProject/out/myProject.elf	0x1a0005cc	0x0000010c	T	Timer_Init
myProject/out/myProject.elf	0x1a000718	0x00000008	T	Timer_microsecondsToTicks
myProject/out/myProject.elf	0x1a002058	0x00000024	T	Chip_Clock_GetBaseClock
myProject/out/myProject.elf	0x1a002250	0x0000000c	T	Chip_Clock_GetPLLStatus
myProject/out/myProject.elf	0x1a001514	0x00000024	T	Chip_UART_RXIntHandlerRB
myProject/out/myProject.elf	0x1a001574	0x00000042	T	Chip_UART_SendRB
myProject/out/myProject.elf	0x10000048	0x00000000	B	_bss
myProject/out/myProject.elf	0x1a0001a0	0x00000002	W	I2S1_IRQHandler
myProject/out/myProject.elf	0x1a001e48	0x000000bc	T	Chip_Clock_SetupMainPLLHz
myProject/out/myProject.elf	0x1a0024b8	0x00000002	T	Chip_GPIO_Init
myProject/out/myProject.elf	0x1a002d9c	0x00000004	T	OscRateIn
myProject/out/myProject.elf	0x1a0011f4	0x00000024	T	Board_I2C_Init
myProject/out/myProject.elf	0x10000084	0x00000000	?	_end_noinit
myProject/out/myProject.elf	0x10008000	0x00000000	A	_vStackTop
myProject/out/myProject.elf	0x1a0011a8	0x00000024	T	Board_ENET_GetMacADDR
myProject/out/myProject.elf	0x1a0008ac	0x00000052	T	delayInaccurate
myProject/out/myProject.elf	0x1a0001a0	0x00000002	W	SSP1_IRQHandler
myProject/out/myProject.elf	0x1a002408	0x0000000c	T	Chip_TIMER_Init
myProject/out/myProject.elf	0x1a002038	0x00000020	T	Chip_Clock_IsBaseClockEnabled
myProject/out/myProject.elf	0x1a000178	0x00000000	T	__bss_section_table_end
myProject/out/myProject.elf	0x1a001fd4	0x00000034	T	Chip_Clock_GetBaseClockOpts
myProject/out/myProject.elf	0x1a002604	0x00000002	W	__aeabi_ldiv0
myProject/out/myProject.elf	0x1a00182c	0x00000082	T	RingBuffer_PopMult
myProject/out/myProject.elf	0x1a0001a0	0x00000002	W	USB0_IRQHandler
myProject/out/myProject.elf	0x1a002110	0x00000034	T	Chip_Clock_Disable
myProject/out/myProject.elf	0x1a0001a0	0x00000002	W	GPIO3_IRQHandler
myProject/out/myProject.elf	0x1a000758	0x00000044	T	Timer_DisableCompareMatch
myProject/out/myProject.elf	0x1a0010f4	0x00000014	T	Board_UARTPutChar
myProject/out/myProject.elf	0x1a001430	0x00000022	T	Chip_UART_Send
myProject/out/myProject.elf	0x1a0001a0	0x00000002	W	SCT_IRQHandler
myProject/out/myProject.elf	0x1a0021b8	0x00000030	T	Chip_Clock_GetEMCRate
myProject/out/myProject.elf	0x1a000cd0	0x00000074	T	uint64ToString
myProject/out/myProject.elf	0x1a0015c8	0x00000036	T	Chip_UART_IRQRBHandler
myProject/out/myProject.elf	0x1a001c58	0x0000001c	T	Chip_Clock_GetDividerDivisor
myProject/out/myProject.elf	0x1a0002fc	0x00000000	T	__CRP_WORD_START__
myProject/out/myProject.elf	0x1a002b26	0x00000010	T	memset
myProject/out/myProject.elf	0x1a000184	0x00000002	W	MemManage_Handler
myProject/out/myProject.elf	0x1a000300	0x00000108	T	main
myProject/out/myProject.elf	0x1a001488	0x00000022	T	Chip_UART_Read
myProject/out/myProject.elf	0x1a0001a0	0x00000002	W	WDT_IRQHandler
myProject/out/myProject.elf	0x1a000190	0x00000002	W	SVC_Handler
myProject/out/myProject.elf	0x1a000720	0x00000038	T	Timer_EnableCompareMatch
myProject/out/myProject.elf	0x1a0023ac	0x00000014	T	Chip_SetupXtalClocking
myProject/out/myProject.elf	0x1a001190	0x00000016	T	Board_LED_Toggle
myProject/out/myProject.elf	0x1a0001a0	0x00000002	W	GPIO7_IRQHandler
myProject/out/myProject.elf	0x1a002088	0x0000003c	T	Chip_Clock_EnableOpts
myProject/out/myProject.elf	0x1a002c50	0x00000136	T	gpioPinsConfig
myProject/out/myProject.elf	0x1a001c74	0x000000b8	T	Chip_Clock_GetClockInputHz
myProject/out/myProject.elf	0x1a002460	0x00000058	T	fpuInit
myProject/out/myProject.elf	0x1a001160	0x00000030	T	Board_LED_Test
myProject/out/myProject.elf	0x1a001d2c	0x00000080	T	Chip_Clock_CalcMainPLLValue
myProject/out/myProject.elf	0x1a001280	0x0000001c	T	SystemInit
myProject/out/myProject.elf	0x1a0001a0	0x00000002	W	SPIFI_IRQHandler
myProject/out/myProject.elf	0x1a00095c	0x00000038	T	delay
myProject/out/myProject.elf	0x1a0001a0	0x00000002	W	QEI_IRQHandler
myProject/out/myProject.elf	0x1a000150	0x00000000	T	__bss_section_table
myProject/out/myProject.elf	0x1a0020f8	0x00000018	T	Chip_Clock_RTCEnable
myProject/out/myProject.elf	0x1a000fb0	0x00000058	T	gpioWrite
myProject/out/myProject.elf	0x1a001464	0x00000024	T	Chip_UART_SendBlocking
myProject/out/myProject.elf	0x1a00129c	0x00000034	T	Board_SetupMuxing
myProject/out/myProject.elf	0x1a001600	0x000000e8	T	Chip_UART_SetBaudFDR
myProject/out/myProject.elf	0x1a000a88	0x0000000c	T	tickRead
myProject/out/myProject.elf	0x10000078	0x00000008	B	tickRateMS
myProject/out/myProject.elf	0x1a0001a0	0x00000002	W	ETH_IRQHandler
myProject/out/myProject.elf	0x10000040	0x00000004	D	tickHookFunction
myProject/out/myProject.elf	0x10000000	0x00000000	?	_end_uninit_RESERVED
myProject/out/myProject.elf	0x1a000564	0x0000003a	T	waitForReceiveStringOrTimeoutBlocking
myProject/out/myProject.elf	0x1a0001a0	0x00000002	W	CAN0_IRQHandler
myProject/out/myProject.elf	0x1a000b38	0x0000001a	T	printHex
myProject/out/myProject.elf	0x10000000	0x00000000	D	_data
myProject/out/myProject.elf	0x1a000178	0x00000000	T	__section_table_end
myProject/out/myProject.elf	0x1a000af0	0x00000022	T	printIntFormat
myProject/out/myProject.elf	0x1a000408	0x00000064	T	uartConfig
myProject/out/myProject.elf	0x1a0001a0	0x00000002	W	GINT0_IRQHandler
myProject/out/myProject.elf	0x1a0001a0	0x00000002	W	DAC_IRQHandler
myProject/out/myProject.elf	0x1a0010cc	0x00000028	T	Board_Debug_Init
myProject/out/myProject.elf	0x10000044	0x00000000	D	_edata
myProject/out/myProject.elf	0x1a0001a0	0x00000002	W	M0SUB_IRQHandler
myProject/out/myProject.elf	0x1a0016f4	0x00000038	T	Chip_UART_ABCmd
myProject/out/myProject.elf	0x1a00225c	0x00000150	T	Chip_SetupCoreClock
myProject/out/myProject.elf	0x1a0001a0	0x00000002	W	GPIO0_IRQHandler
myProject/out/myProject.elf	0x1a001218	0x0000002c	T	Board_SDMMC_Init
myProject/out/myProject.elf	0x1a000000	0x00000114	T	g_pfnVectors
myProject/out/myProject.elf	0x1a0024c0	0x0000007c	T	ResetISR
myProject/out/myProject.elf	0x1a001960	0x00000014	T	SystemCoreClockUpdate
myProject/out/myProject.elf	0x1a00126c	0x00000014	T	Board_DAC_Init
myProject/out/myProject.elf	0x1a000ac8	0x0000000e	T	printConfigUart
myProject/out/myProject.elf	0x1a0001a0	0x00000002	W	DMA_IRQHandler
myProject/out/myProject.elf	0x1a0001a0	0x00000002	W	EVRT_IRQHandler
myProject/out/myProject.elf	0x1a00172c	0x00000010	T	RingBuffer_Init
myProject/out/myProject.elf	0x1a000900	0x0000005a	T	delayInaccurateUs
myProject/out/myProject.elf	0x1a002604	0x00000002	W	__aeabi_idiv0
myProject/out/myProject.elf	0x1a00223c	0x00000014	T	Chip_Clock_DisablePLL
myProject/out/myProject.elf	0x1a000ac4	0x00000004	T	printSetUart
myProject/out/myProject.elf	0x1a002158	0x00000014	T	Chip_Clock_ClearPowerDown
myProject/out/myProject.elf	0x1a001538	0x0000003a	T	Chip_UART_TXIntHandlerRB
myProject/out/myProject.elf	0x1a000188	0x00000002	W	BusFault_Handler
myProject/out/myProject.elf	0x1a0020c4	0x00000034	T	Chip_Clock_Enable
myProject/out/myProject.elf	0x1a0005bc	0x00000002	T	UART3_IRQHandler
myProject/out/myProject.elf	0x1a0009f4	0x0000001c	T	delayWrite
myProject/out/myProject.elf	0x1a0001a0	0x00000002	W	MCPWM_IRQHandler
myProject/out/myProject.elf	0x1a0025a4	0x0000002e	T	__gnu_ldivmod_helper
myProject/out/myProject.elf	0x1a001138	0x00000028	T	Board_LED_Set
myProject/out/myProject.elf	0x1a0001a0	0x00000002	W	M0APP_IRQHandler
myProject/out/myProject.elf	0x1a001008	0x00000058	T	gpioRead
myProject/out/myProject.elf	0x1a0001a0	0x00000002	W	GINT1_IRQHandler
myProject/out/myProject.elf	0x1a00253c	0x00000000	T	__aeabi_ldivmod
myProject/out/myProject.elf	0x1a00079c	0x00000018	T	Timer_SetCompareMatch
myProject/out/myProject.elf	0x1a0014ac	0x00000024	T	Chip_UART_ReadBlocking
myProject/out/myProject.elf	0x1a0010b8	0x00000014	T	Board_UART_Init
myProject/out/myProject.elf	0x1a002008	0x00000018	T	Chip_Clock_EnableBaseClock
myProject/out/myProject.elf	0x1a001f90	0x00000044	T	Chip_Clock_SetBaseClock
myProject/out/myProject.elf	0x1a0001a0	0x00000002	W	GPIO4_IRQHandler
myProject/out/myProject.elf	0x1a001344	0x0000000c	T	Board_SystemInit
