misProyectos/estacion_meteo_pont_07/out/estacion_meteo_pont_07.elf	0x1a00042c	0x00000028	t	taskBlinkLed
misProyectos/estacion_meteo_pont_07/out/estacion_meteo_pont_07.elf	0x10000049	0x00000001	b	Led_State
misProyectos/estacion_meteo_pont_07/out/estacion_meteo_pont_07.elf	0x1a000638	0x00000002	t	errorOcurred
misProyectos/estacion_meteo_pont_07/out/estacion_meteo_pont_07.elf	0x1a00063c	0x00000002	t	doNothing
misProyectos/estacion_meteo_pont_07/out/estacion_meteo_pont_07.elf	0x1a0026f8	0x00000030	t	timer_sd
misProyectos/estacion_meteo_pont_07/out/estacion_meteo_pont_07.elf	0x10000000	0x00000040	d	timer_dd
misProyectos/estacion_meteo_pont_07/out/estacion_meteo_pont_07.elf	0x1a000c24	0x00000034	t	gpioObtainPinConfig
misProyectos/estacion_meteo_pont_07/out/estacion_meteo_pont_07.elf	0x1a000eb4	0x00000040	t	Board_LED_Init
misProyectos/estacion_meteo_pont_07/out/estacion_meteo_pont_07.elf	0x1a002860	0x0000000c	t	gpioLEDBits
misProyectos/estacion_meteo_pont_07/out/estacion_meteo_pont_07.elf	0x1a00287c	0x00000060	t	pinmuxing
misProyectos/estacion_meteo_pont_07/out/estacion_meteo_pont_07.elf	0x1a0028dc	0x0000000c	t	InitClkStates
misProyectos/estacion_meteo_pont_07/out/estacion_meteo_pont_07.elf	0x1a00118c	0x0000002c	t	Chip_UART_GetIndex
misProyectos/estacion_meteo_pont_07/out/estacion_meteo_pont_07.elf	0x1a0011b8	0x00000048	t	Chip_UART_ABIntHandler
misProyectos/estacion_meteo_pont_07/out/estacion_meteo_pont_07.elf	0x1a0028e8	0x00000008	t	UART_PClock
misProyectos/estacion_meteo_pont_07/out/estacion_meteo_pont_07.elf	0x1a0028f0	0x00000008	t	UART_BClock
misProyectos/estacion_meteo_pont_07/out/estacion_meteo_pont_07.elf	0x1000004a	0x00000001	b	ABsyncSts
misProyectos/estacion_meteo_pont_07/out/estacion_meteo_pont_07.elf	0x1a0016f0	0x00000034	t	Chip_USB_PllSetup
misProyectos/estacion_meteo_pont_07/out/estacion_meteo_pont_07.elf	0x1a0028f8	0x00000014	t	usbPLLSetup
misProyectos/estacion_meteo_pont_07/out/estacion_meteo_pont_07.elf	0x1a0017b4	0x000000ac	t	pll_calc_divs
misProyectos/estacion_meteo_pont_07/out/estacion_meteo_pont_07.elf	0x1a001860	0x00000104	t	pll_get_frac
misProyectos/estacion_meteo_pont_07/out/estacion_meteo_pont_07.elf	0x1a001964	0x00000024	t	Chip_Clock_TestMainPLLMultiplier
misProyectos/estacion_meteo_pont_07/out/estacion_meteo_pont_07.elf	0x1a001988	0x0000004c	t	Chip_Clock_FindBaseClock
misProyectos/estacion_meteo_pont_07/out/estacion_meteo_pont_07.elf	0x1a001db8	0x00000022	t	Chip_Clock_GetDivRate
misProyectos/estacion_meteo_pont_07/out/estacion_meteo_pont_07.elf	0x1a00290c	0x0000006c	t	periph_to_base
misProyectos/estacion_meteo_pont_07/out/estacion_meteo_pont_07.elf	0x1000004c	0x00000008	b	audio_usb_pll_freq
misProyectos/estacion_meteo_pont_07/out/estacion_meteo_pont_07.elf	0x1a0020d4	0x0000002c	t	Chip_TIMER_GetClockIndex
misProyectos/estacion_meteo_pont_07/out/estacion_meteo_pont_07.elf	0x1a002984	0x00000048	t	InitClkStates
misProyectos/estacion_meteo_pont_07/out/estacion_meteo_pont_07.elf	0x1a001a84	0x0000001c	T	Chip_Clock_GetDividerSource
misProyectos/estacion_meteo_pont_07/out/estacion_meteo_pont_07.elf	0x1a0008a0	0x00000040	T	TIMER2_IRQHandler
misProyectos/estacion_meteo_pont_07/out/estacion_meteo_pont_07.elf	0x1a000194	0x00000002	W	DebugMon_Handler
misProyectos/estacion_meteo_pont_07/out/estacion_meteo_pont_07.elf	0x1a0001a0	0x00000002	W	RIT_IRQHandler
misProyectos/estacion_meteo_pont_07/out/estacion_meteo_pont_07.elf	0x1a080000	0x00000000	A	__top_MFlashA512
misProyectos/estacion_meteo_pont_07/out/estacion_meteo_pont_07.elf	0x1a00074c	0x00000040	T	Timer_DeInit
misProyectos/estacion_meteo_pont_07/out/estacion_meteo_pont_07.elf	0x1a0001a0	0x00000002	W	ADCHS_IRQHandler
misProyectos/estacion_meteo_pont_07/out/estacion_meteo_pont_07.elf	0x1a000114	0x00000000	T	__section_table_start
misProyectos/estacion_meteo_pont_07/out/estacion_meteo_pont_07.elf	0x1a0001a0	0x00000002	W	FLASH_EEPROM_IRQHandler
misProyectos/estacion_meteo_pont_07/out/estacion_meteo_pont_07.elf	0x1a0001a0	0x00000002	W	I2C0_IRQHandler
misProyectos/estacion_meteo_pont_07/out/estacion_meteo_pont_07.elf	0x1a0004e0	0x00000044	T	uartReadByte
misProyectos/estacion_meteo_pont_07/out/estacion_meteo_pont_07.elf	0x1a001724	0x00000034	T	Chip_USB0_Init
misProyectos/estacion_meteo_pont_07/out/estacion_meteo_pont_07.elf	0x1a001290	0x00000010	T	Chip_UART_CheckBusy
misProyectos/estacion_meteo_pont_07/out/estacion_meteo_pont_07.elf	0x1a000a28	0x0000003e	T	delayRead
misProyectos/estacion_meteo_pont_07/out/estacion_meteo_pont_07.elf	0x1a000180	0x00000002	W	HardFault_Handler
misProyectos/estacion_meteo_pont_07/out/estacion_meteo_pont_07.elf	0x1a001524	0x0000000c	T	Chip_UART_GetABEOStatus
misProyectos/estacion_meteo_pont_07/out/estacion_meteo_pont_07.elf	0x1a000000	0x00000000	A	__vectors_start__
misProyectos/estacion_meteo_pont_07/out/estacion_meteo_pont_07.elf	0x1a001638	0x00000034	T	RingBuffer_Pop
misProyectos/estacion_meteo_pont_07/out/estacion_meteo_pont_07.elf	0x1a000f60	0x00000014	T	Board_UARTPutSTR
misProyectos/estacion_meteo_pont_07/out/estacion_meteo_pont_07.elf	0x1a001e88	0x0000001a	T	Chip_Clock_DisableBaseClock
misProyectos/estacion_meteo_pont_07/out/estacion_meteo_pont_07.elf	0x1a000b10	0x00000024	T	SysTick_Handler
misProyectos/estacion_meteo_pont_07/out/estacion_meteo_pont_07.elf	0x1a00130c	0x00000044	T	Chip_UART_SetBaud
misProyectos/estacion_meteo_pont_07/out/estacion_meteo_pont_07.elf	0x1a001bf4	0x0000009c	T	Chip_Clock_SetupMainPLLMult
misProyectos/estacion_meteo_pont_07/out/estacion_meteo_pont_07.elf	0x1a0001a0	0x00000002	W	SDIO_IRQHandler
misProyectos/estacion_meteo_pont_07/out/estacion_meteo_pont_07.elf	0x1a000f44	0x0000001c	T	Board_UARTGetChar
misProyectos/estacion_meteo_pont_07/out/estacion_meteo_pont_07.elf	0x1a0001a0	0x00000002	W	ATIMER_IRQHandler
misProyectos/estacion_meteo_pont_07/out/estacion_meteo_pont_07.elf	0x1a000198	0x00000002	W	PendSV_Handler
misProyectos/estacion_meteo_pont_07/out/estacion_meteo_pont_07.elf	0x1a00017c	0x00000002	W	NMI_Handler
misProyectos/estacion_meteo_pont_07/out/estacion_meteo_pont_07.elf	0x1a0029d4	0x00000000	R	__exidx_end
misProyectos/estacion_meteo_pont_07/out/estacion_meteo_pont_07.elf	0x1a000150	0x00000000	T	__data_section_table_end
misProyectos/estacion_meteo_pont_07/out/estacion_meteo_pont_07.elf	0x1a0001a0	0x00000002	W	I2C1_IRQHandler
misProyectos/estacion_meteo_pont_07/out/estacion_meteo_pont_07.elf	0x1a0001a0	0x00000002	W	UART1_IRQHandler
misProyectos/estacion_meteo_pont_07/out/estacion_meteo_pont_07.elf	0x1a0001a0	0x00000002	W	GPIO5_IRQHandler
misProyectos/estacion_meteo_pont_07/out/estacion_meteo_pont_07.elf	0x1a0003ec	0x0000003c	T	schedulerDispatchTasks
misProyectos/estacion_meteo_pont_07/out/estacion_meteo_pont_07.elf	0x1a0001a0	0x00000002	W	CAN1_IRQHandler
misProyectos/estacion_meteo_pont_07/out/estacion_meteo_pont_07.elf	0x1a00209c	0x00000014	T	Chip_Clock_EnablePLL
misProyectos/estacion_meteo_pont_07/out/estacion_meteo_pont_07.elf	0x53ff552a	0x00000000	A	__valid_user_code_checksum
misProyectos/estacion_meteo_pont_07/out/estacion_meteo_pont_07.elf	0x1a0029d4	0x00000000	R	_etext
misProyectos/estacion_meteo_pont_07/out/estacion_meteo_pont_07.elf	0x1a001080	0x00000028	T	Board_SSP_Init
misProyectos/estacion_meteo_pont_07/out/estacion_meteo_pont_07.elf	0x1a0001a0	0x00000002	W	USB1_IRQHandler
misProyectos/estacion_meteo_pont_07/out/estacion_meteo_pont_07.elf	0x1a0001a0	0x00000002	W	I2S0_IRQHandler
misProyectos/estacion_meteo_pont_07/out/estacion_meteo_pont_07.elf	0x1a000554	0x00000084	T	waitForReceiveStringOrTimeout
misProyectos/estacion_meteo_pont_07/out/estacion_meteo_pont_07.elf	0x1a0008e0	0x00000040	T	TIMER3_IRQHandler
misProyectos/estacion_meteo_pont_07/out/estacion_meteo_pont_07.elf	0x1a001ef0	0x0000000c	T	Chip_Clock_GetBaseClocktHz
misProyectos/estacion_meteo_pont_07/out/estacion_meteo_pont_07.elf	0x1a000178	0x00000002	T	UART0_IRQHandler
misProyectos/estacion_meteo_pont_07/out/estacion_meteo_pont_07.elf	0x1a0001c0	0x00000012	T	bss_init
misProyectos/estacion_meteo_pont_07/out/estacion_meteo_pont_07.elf	0x1a002130	0x0000002a	T	Chip_TIMER_ExtMatchControlSet
misProyectos/estacion_meteo_pont_07/out/estacion_meteo_pont_07.elf	0x1a0013f4	0x0000000e	T	Chip_UART_ReadRB
misProyectos/estacion_meteo_pont_07/out/estacion_meteo_pont_07.elf	0x1a002118	0x00000018	T	Chip_TIMER_Reset
misProyectos/estacion_meteo_pont_07/out/estacion_meteo_pont_07.elf	0x1a0026d0	0x00000016	T	memcpy
misProyectos/estacion_meteo_pont_07/out/estacion_meteo_pont_07.elf	0x1a0001a0	0x00000002	W	SGPIO_IRQHandler
misProyectos/estacion_meteo_pont_07/out/estacion_meteo_pont_07.elf	0x1a00210c	0x0000000c	T	Chip_TIMER_DeInit
misProyectos/estacion_meteo_pont_07/out/estacion_meteo_pont_07.elf	0x1a00205c	0x00000040	T	Chip_Clock_SetupPLL
misProyectos/estacion_meteo_pont_07/out/estacion_meteo_pont_07.elf	0x1a0023b8	0x00000000	T	__aeabi_uldivmod
misProyectos/estacion_meteo_pont_07/out/estacion_meteo_pont_07.elf	0x1000015c	0x00000000	?	_noinit
misProyectos/estacion_meteo_pont_07/out/estacion_meteo_pont_07.elf	0x1a000614	0x00000018	T	uartWriteString
misProyectos/estacion_meteo_pont_07/out/estacion_meteo_pont_07.elf	0x10000158	0x00000004	B	SystemCoreClock
misProyectos/estacion_meteo_pont_07/out/estacion_meteo_pont_07.elf	0x1a001200	0x00000050	T	Chip_UART_Init
misProyectos/estacion_meteo_pont_07/out/estacion_meteo_pont_07.elf	0x1a0001a0	0x00000002	W	ADC0_IRQHandler
misProyectos/estacion_meteo_pont_07/out/estacion_meteo_pont_07.elf	0x1a0015ac	0x0000008a	T	RingBuffer_InsertMult
misProyectos/estacion_meteo_pont_07/out/estacion_meteo_pont_07.elf	0x1a000a08	0x00000020	T	delayConfig
misProyectos/estacion_meteo_pont_07/out/estacion_meteo_pont_07.elf	0x1a00018c	0x00000002	W	UsageFault_Handler
misProyectos/estacion_meteo_pont_07/out/estacion_meteo_pont_07.elf	0x1a001fe0	0x0000004c	T	Chip_Clock_GetRate
misProyectos/estacion_meteo_pont_07/out/estacion_meteo_pont_07.elf	0x1a0001a0	0x00000002	W	GPIO6_IRQHandler
misProyectos/estacion_meteo_pont_07/out/estacion_meteo_pont_07.elf	0x10000148	0x00000008	B	tickCounter
misProyectos/estacion_meteo_pont_07/out/estacion_meteo_pont_07.elf	0x1a00110c	0x00000074	T	Board_SetupClocking
misProyectos/estacion_meteo_pont_07/out/estacion_meteo_pont_07.elf	0x20008000	0x00000000	A	__top_RamAHB32
misProyectos/estacion_meteo_pont_07/out/estacion_meteo_pont_07.elf	0x1a002334	0x00000008	T	Chip_SystemInit
misProyectos/estacion_meteo_pont_07/out/estacion_meteo_pont_07.elf	0x1a0023e8	0x000002e2	T	__udivmoddi4
misProyectos/estacion_meteo_pont_07/out/estacion_meteo_pont_07.elf	0x1a002878	0x00000004	T	ExtRateIn
misProyectos/estacion_meteo_pont_07/out/estacion_meteo_pont_07.elf	0x1a0001a0	0x00000002	W	IntDefaultHandler
misProyectos/estacion_meteo_pont_07/out/estacion_meteo_pont_07.elf	0x1a000300	0x00000000	T	__CRP_WORD_END__
misProyectos/estacion_meteo_pont_07/out/estacion_meteo_pont_07.elf	0x1a000b04	0x0000000c	T	tickWrite
misProyectos/estacion_meteo_pont_07/out/estacion_meteo_pont_07.elf	0x1a0021b8	0x00000002	T	Chip_GPIO_DeInit
misProyectos/estacion_meteo_pont_07/out/estacion_meteo_pont_07.elf	0x1a000374	0x00000040	T	schedulerAddTask
misProyectos/estacion_meteo_pont_07/out/estacion_meteo_pont_07.elf	0x1a0001a0	0x00000002	W	GPIO1_IRQHandler
misProyectos/estacion_meteo_pont_07/out/estacion_meteo_pont_07.elf	0x1a000a84	0x00000074	T	tickConfig
misProyectos/estacion_meteo_pont_07/out/estacion_meteo_pont_07.elf	0x1a001758	0x00000048	T	Chip_USB1_Init
misProyectos/estacion_meteo_pont_07/out/estacion_meteo_pont_07.elf	0x1a0001a0	0x00000002	W	SSP0_IRQHandler
misProyectos/estacion_meteo_pont_07/out/estacion_meteo_pont_07.elf	0x1a000c58	0x00000194	T	gpioConfig
misProyectos/estacion_meteo_pont_07/out/estacion_meteo_pont_07.elf	0x1a0029cc	0x00000000	T	__exidx_start
misProyectos/estacion_meteo_pont_07/out/estacion_meteo_pont_07.elf	0x1a0002fc	0x00000004	T	CRP_WORD
misProyectos/estacion_meteo_pont_07/out/estacion_meteo_pont_07.elf	0x1a002320	0x00000014	T	Chip_SetupIrcClocking
misProyectos/estacion_meteo_pont_07/out/estacion_meteo_pont_07.elf	0x1a0001a0	0x00000002	W	ADC1_IRQHandler
misProyectos/estacion_meteo_pont_07/out/estacion_meteo_pont_07.elf	0x10000048	0x00000001	B	errorCode
misProyectos/estacion_meteo_pont_07/out/estacion_meteo_pont_07.elf	0x1a001578	0x00000032	T	RingBuffer_Insert
misProyectos/estacion_meteo_pont_07/out/estacion_meteo_pont_07.elf	0x1a001008	0x00000028	T	Board_Init
misProyectos/estacion_meteo_pont_07/out/estacion_meteo_pont_07.elf	0x1a000114	0x00000000	T	__data_section_table
misProyectos/estacion_meteo_pont_07/out/estacion_meteo_pont_07.elf	0x1a0001a0	0x00000002	W	RTC_IRQHandler
misProyectos/estacion_meteo_pont_07/out/estacion_meteo_pont_07.elf	0x1000015c	0x00000000	B	_ebss
misProyectos/estacion_meteo_pont_07/out/estacion_meteo_pont_07.elf	0x1a000828	0x0000003c	T	TIMER0_IRQHandler
misProyectos/estacion_meteo_pont_07/out/estacion_meteo_pont_07.elf	0x20010000	0x00000000	A	__top_RamAHB_ETB16
misProyectos/estacion_meteo_pont_07/out/estacion_meteo_pont_07.elf	0x1a0001a0	0x00000002	W	SPI_IRQHandler
misProyectos/estacion_meteo_pont_07/out/estacion_meteo_pont_07.elf	0x1a0001a0	0x00000002	W	LCD_IRQHandler
misProyectos/estacion_meteo_pont_07/out/estacion_meteo_pont_07.elf	0x1a0019d4	0x0000004c	T	Chip_Clock_EnableCrystal
misProyectos/estacion_meteo_pont_07/out/estacion_meteo_pont_07.elf	0x1a000b34	0x000000ee	T	boardConfig
misProyectos/estacion_meteo_pont_07/out/estacion_meteo_pont_07.elf	0x10008000	0x00000000	A	__top_RamLoc32
misProyectos/estacion_meteo_pont_07/out/estacion_meteo_pont_07.elf	0x1a0001a4	0x0000001a	T	data_init
misProyectos/estacion_meteo_pont_07/out/estacion_meteo_pont_07.elf	0x1a000864	0x0000003c	T	TIMER1_IRQHandler
misProyectos/estacion_meteo_pont_07/out/estacion_meteo_pont_07.elf	0x1a001a30	0x00000054	T	Chip_Clock_SetDivider
misProyectos/estacion_meteo_pont_07/out/estacion_meteo_pont_07.elf	0x1a00062c	0x00000002	T	UART2_IRQHandler
misProyectos/estacion_meteo_pont_07/out/estacion_meteo_pont_07.elf	0x1a001d4c	0x0000006c	T	Chip_Clock_GetMainPLLHz
misProyectos/estacion_meteo_pont_07/out/estacion_meteo_pont_07.elf	0x1a001250	0x0000001c	T	Chip_UART_DeInit
misProyectos/estacion_meteo_pont_07/out/estacion_meteo_pont_07.elf	0x1a000634	0x00000004	T	sAPI_NullFuncPtr
misProyectos/estacion_meteo_pont_07/out/estacion_meteo_pont_07.elf	0x1a000524	0x00000030	T	uartWriteByte
misProyectos/estacion_meteo_pont_07/out/estacion_meteo_pont_07.elf	0x1a000e9c	0x00000016	T	gpioToggle
misProyectos/estacion_meteo_pont_07/out/estacion_meteo_pont_07.elf	0x1a0001a0	0x00000002	W	GPIO2_IRQHandler
misProyectos/estacion_meteo_pont_07/out/estacion_meteo_pont_07.elf	0x1a001a20	0x00000010	T	Chip_Clock_DisableCrystal
misProyectos/estacion_meteo_pont_07/out/estacion_meteo_pont_07.elf	0x1a001fb8	0x00000014	T	Chip_Clock_StartPowerDown
misProyectos/estacion_meteo_pont_07/out/estacion_meteo_pont_07.elf	0x1a000640	0x0000010c	T	Timer_Init
misProyectos/estacion_meteo_pont_07/out/estacion_meteo_pont_07.elf	0x1a000364	0x00000010	T	schedulerStart
misProyectos/estacion_meteo_pont_07/out/estacion_meteo_pont_07.elf	0x1a00078c	0x00000008	T	Timer_microsecondsToTicks
misProyectos/estacion_meteo_pont_07/out/estacion_meteo_pont_07.elf	0x1a001ec8	0x00000026	T	Chip_Clock_GetBaseClock
misProyectos/estacion_meteo_pont_07/out/estacion_meteo_pont_07.elf	0x1a0020c4	0x0000000e	T	Chip_Clock_GetPLLStatus
misProyectos/estacion_meteo_pont_07/out/estacion_meteo_pont_07.elf	0x1a001350	0x00000024	T	Chip_UART_RXIntHandlerRB
misProyectos/estacion_meteo_pont_07/out/estacion_meteo_pont_07.elf	0x1a0013b0	0x00000042	T	Chip_UART_SendRB
misProyectos/estacion_meteo_pont_07/out/estacion_meteo_pont_07.elf	0x10000048	0x00000000	B	_bss
misProyectos/estacion_meteo_pont_07/out/estacion_meteo_pont_07.elf	0x1a0001a0	0x00000002	W	I2S1_IRQHandler
misProyectos/estacion_meteo_pont_07/out/estacion_meteo_pont_07.elf	0x1a0003b4	0x00000038	T	schedulerDeleteTask
misProyectos/estacion_meteo_pont_07/out/estacion_meteo_pont_07.elf	0x1a001c90	0x000000bc	T	Chip_Clock_SetupMainPLLHz
misProyectos/estacion_meteo_pont_07/out/estacion_meteo_pont_07.elf	0x1a0021b4	0x00000002	T	Chip_GPIO_Init
misProyectos/estacion_meteo_pont_07/out/estacion_meteo_pont_07.elf	0x1a002874	0x00000004	T	OscRateIn
misProyectos/estacion_meteo_pont_07/out/estacion_meteo_pont_07.elf	0x1a001030	0x00000024	T	Board_I2C_Init
misProyectos/estacion_meteo_pont_07/out/estacion_meteo_pont_07.elf	0x1000015c	0x00000000	?	_end_noinit
misProyectos/estacion_meteo_pont_07/out/estacion_meteo_pont_07.elf	0x10008000	0x00000000	A	_vStackTop
misProyectos/estacion_meteo_pont_07/out/estacion_meteo_pont_07.elf	0x1a000fe4	0x00000024	T	Board_ENET_GetMacADDR
misProyectos/estacion_meteo_pont_07/out/estacion_meteo_pont_07.elf	0x1a000920	0x00000052	T	delayInaccurate
misProyectos/estacion_meteo_pont_07/out/estacion_meteo_pont_07.elf	0x1a0001a0	0x00000002	W	SSP1_IRQHandler
misProyectos/estacion_meteo_pont_07/out/estacion_meteo_pont_07.elf	0x1a002100	0x0000000c	T	Chip_TIMER_Init
misProyectos/estacion_meteo_pont_07/out/estacion_meteo_pont_07.elf	0x1a001ea4	0x00000022	T	Chip_Clock_IsBaseClockEnabled
misProyectos/estacion_meteo_pont_07/out/estacion_meteo_pont_07.elf	0x1a000178	0x00000000	T	__bss_section_table_end
misProyectos/estacion_meteo_pont_07/out/estacion_meteo_pont_07.elf	0x1a001e34	0x00000038	T	Chip_Clock_GetBaseClockOpts
misProyectos/estacion_meteo_pont_07/out/estacion_meteo_pont_07.elf	0x1a0026cc	0x00000002	W	__aeabi_ldiv0
misProyectos/estacion_meteo_pont_07/out/estacion_meteo_pont_07.elf	0x1a00166c	0x00000082	T	RingBuffer_PopMult
misProyectos/estacion_meteo_pont_07/out/estacion_meteo_pont_07.elf	0x1a0001a0	0x00000002	W	USB0_IRQHandler
misProyectos/estacion_meteo_pont_07/out/estacion_meteo_pont_07.elf	0x1a001f84	0x00000034	T	Chip_Clock_Disable
misProyectos/estacion_meteo_pont_07/out/estacion_meteo_pont_07.elf	0x1a0001a0	0x00000002	W	GPIO3_IRQHandler
misProyectos/estacion_meteo_pont_07/out/estacion_meteo_pont_07.elf	0x1a0007cc	0x00000044	T	Timer_DisableCompareMatch
misProyectos/estacion_meteo_pont_07/out/estacion_meteo_pont_07.elf	0x1a000f30	0x00000014	T	Board_UARTPutChar
misProyectos/estacion_meteo_pont_07/out/estacion_meteo_pont_07.elf	0x1a00126c	0x00000022	T	Chip_UART_Send
misProyectos/estacion_meteo_pont_07/out/estacion_meteo_pont_07.elf	0x1a0001a0	0x00000002	W	SCT_IRQHandler
misProyectos/estacion_meteo_pont_07/out/estacion_meteo_pont_07.elf	0x1a00202c	0x00000030	T	Chip_Clock_GetEMCRate
misProyectos/estacion_meteo_pont_07/out/estacion_meteo_pont_07.elf	0x1a001404	0x00000036	T	Chip_UART_IRQRBHandler
misProyectos/estacion_meteo_pont_07/out/estacion_meteo_pont_07.elf	0x1a001aa0	0x0000001c	T	Chip_Clock_GetDividerDivisor
misProyectos/estacion_meteo_pont_07/out/estacion_meteo_pont_07.elf	0x1a0002fc	0x00000000	T	__CRP_WORD_START__
misProyectos/estacion_meteo_pont_07/out/estacion_meteo_pont_07.elf	0x1a0026e6	0x00000010	T	memset
misProyectos/estacion_meteo_pont_07/out/estacion_meteo_pont_07.elf	0x1a000184	0x00000002	W	MemManage_Handler
misProyectos/estacion_meteo_pont_07/out/estacion_meteo_pont_07.elf	0x1a000454	0x00000028	T	main
misProyectos/estacion_meteo_pont_07/out/estacion_meteo_pont_07.elf	0x1a0012c4	0x00000022	T	Chip_UART_Read
misProyectos/estacion_meteo_pont_07/out/estacion_meteo_pont_07.elf	0x1a0001a0	0x00000002	W	WDT_IRQHandler
misProyectos/estacion_meteo_pont_07/out/estacion_meteo_pont_07.elf	0x2000c000	0x00000000	A	__top_RamAHB16
misProyectos/estacion_meteo_pont_07/out/estacion_meteo_pont_07.elf	0x1008a000	0x00000000	A	__top_RamLoc40
misProyectos/estacion_meteo_pont_07/out/estacion_meteo_pont_07.elf	0x1a000190	0x00000002	W	SVC_Handler
misProyectos/estacion_meteo_pont_07/out/estacion_meteo_pont_07.elf	0x1a000300	0x0000003c	T	schedulerUpdate
misProyectos/estacion_meteo_pont_07/out/estacion_meteo_pont_07.elf	0x1a000794	0x00000038	T	Timer_EnableCompareMatch
misProyectos/estacion_meteo_pont_07/out/estacion_meteo_pont_07.elf	0x1a00230c	0x00000014	T	Chip_SetupXtalClocking
misProyectos/estacion_meteo_pont_07/out/estacion_meteo_pont_07.elf	0x1a000fcc	0x00000016	T	Board_LED_Toggle
misProyectos/estacion_meteo_pont_07/out/estacion_meteo_pont_07.elf	0x1a0001a0	0x00000002	W	GPIO7_IRQHandler
misProyectos/estacion_meteo_pont_07/out/estacion_meteo_pont_07.elf	0x1a001efc	0x0000003c	T	Chip_Clock_EnableOpts
misProyectos/estacion_meteo_pont_07/out/estacion_meteo_pont_07.elf	0x1a002728	0x00000136	T	gpioPinsConfig
misProyectos/estacion_meteo_pont_07/out/estacion_meteo_pont_07.elf	0x1a001abc	0x000000b8	T	Chip_Clock_GetClockInputHz
misProyectos/estacion_meteo_pont_07/out/estacion_meteo_pont_07.elf	0x1a00215c	0x00000058	T	fpuInit
misProyectos/estacion_meteo_pont_07/out/estacion_meteo_pont_07.elf	0x1a000f9c	0x00000030	T	Board_LED_Test
misProyectos/estacion_meteo_pont_07/out/estacion_meteo_pont_07.elf	0x1a001b74	0x00000080	T	Chip_Clock_CalcMainPLLValue
misProyectos/estacion_meteo_pont_07/out/estacion_meteo_pont_07.elf	0x1a0010bc	0x0000001c	T	SystemInit
misProyectos/estacion_meteo_pont_07/out/estacion_meteo_pont_07.elf	0x1a0001a0	0x00000002	W	SPIFI_IRQHandler
misProyectos/estacion_meteo_pont_07/out/estacion_meteo_pont_07.elf	0x1a0009d0	0x00000038	T	delay
misProyectos/estacion_meteo_pont_07/out/estacion_meteo_pont_07.elf	0x1a0001a0	0x00000002	W	QEI_IRQHandler
misProyectos/estacion_meteo_pont_07/out/estacion_meteo_pont_07.elf	0x1a000150	0x00000000	T	__bss_section_table
misProyectos/estacion_meteo_pont_07/out/estacion_meteo_pont_07.elf	0x1a001f6c	0x00000018	T	Chip_Clock_RTCEnable
misProyectos/estacion_meteo_pont_07/out/estacion_meteo_pont_07.elf	0x1a000dec	0x00000056	T	gpioWrite
misProyectos/estacion_meteo_pont_07/out/estacion_meteo_pont_07.elf	0x1a0012a0	0x00000024	T	Chip_UART_SendBlocking
misProyectos/estacion_meteo_pont_07/out/estacion_meteo_pont_07.elf	0x1a0010d8	0x00000034	T	Board_SetupMuxing
misProyectos/estacion_meteo_pont_07/out/estacion_meteo_pont_07.elf	0x1a00143c	0x000000e8	T	Chip_UART_SetBaudFDR
misProyectos/estacion_meteo_pont_07/out/estacion_meteo_pont_07.elf	0x1a000af8	0x0000000c	T	tickRead
misProyectos/estacion_meteo_pont_07/out/estacion_meteo_pont_07.elf	0x10000150	0x00000008	B	tickRateMS
misProyectos/estacion_meteo_pont_07/out/estacion_meteo_pont_07.elf	0x1a0001a0	0x00000002	W	ETH_IRQHandler
misProyectos/estacion_meteo_pont_07/out/estacion_meteo_pont_07.elf	0x10000040	0x00000004	D	tickHookFunction
misProyectos/estacion_meteo_pont_07/out/estacion_meteo_pont_07.elf	0x10000000	0x00000000	?	_end_uninit_RESERVED
misProyectos/estacion_meteo_pont_07/out/estacion_meteo_pont_07.elf	0x1a0005d8	0x0000003a	T	waitForReceiveStringOrTimeoutBlocking
misProyectos/estacion_meteo_pont_07/out/estacion_meteo_pont_07.elf	0x1a0001a0	0x00000002	W	CAN0_IRQHandler
misProyectos/estacion_meteo_pont_07/out/estacion_meteo_pont_07.elf	0x10000000	0x00000000	D	_data
misProyectos/estacion_meteo_pont_07/out/estacion_meteo_pont_07.elf	0x1000015c	0x00000000	B	_pvHeapStart
misProyectos/estacion_meteo_pont_07/out/estacion_meteo_pont_07.elf	0x1a000178	0x00000000	T	__section_table_end
misProyectos/estacion_meteo_pont_07/out/estacion_meteo_pont_07.elf	0x1a00047c	0x00000064	T	uartConfig
misProyectos/estacion_meteo_pont_07/out/estacion_meteo_pont_07.elf	0x1a0001a0	0x00000002	W	GINT0_IRQHandler
misProyectos/estacion_meteo_pont_07/out/estacion_meteo_pont_07.elf	0x1a0001a0	0x00000002	W	DAC_IRQHandler
misProyectos/estacion_meteo_pont_07/out/estacion_meteo_pont_07.elf	0x1a000f08	0x00000028	T	Board_Debug_Init
misProyectos/estacion_meteo_pont_07/out/estacion_meteo_pont_07.elf	0x10000044	0x00000000	D	_edata
misProyectos/estacion_meteo_pont_07/out/estacion_meteo_pont_07.elf	0x1a0001a0	0x00000002	W	M0SUB_IRQHandler
misProyectos/estacion_meteo_pont_07/out/estacion_meteo_pont_07.elf	0x1a001530	0x00000038	T	Chip_UART_ABCmd
misProyectos/estacion_meteo_pont_07/out/estacion_meteo_pont_07.elf	0x1a000428	0x00000002	T	schedulerReportStatus
misProyectos/estacion_meteo_pont_07/out/estacion_meteo_pont_07.elf	0x1a0021bc	0x00000150	T	Chip_SetupCoreClock
misProyectos/estacion_meteo_pont_07/out/estacion_meteo_pont_07.elf	0x1a0001a0	0x00000002	W	GPIO0_IRQHandler
misProyectos/estacion_meteo_pont_07/out/estacion_meteo_pont_07.elf	0x1a001054	0x0000002c	T	Board_SDMMC_Init
misProyectos/estacion_meteo_pont_07/out/estacion_meteo_pont_07.elf	0x1a000000	0x00000114	T	g_pfnVectors
misProyectos/estacion_meteo_pont_07/out/estacion_meteo_pont_07.elf	0x1a00233c	0x0000007c	T	ResetISR
misProyectos/estacion_meteo_pont_07/out/estacion_meteo_pont_07.elf	0x1a0017a0	0x00000014	T	SystemCoreClockUpdate
misProyectos/estacion_meteo_pont_07/out/estacion_meteo_pont_07.elf	0x1a0010a8	0x00000014	T	Board_DAC_Init
misProyectos/estacion_meteo_pont_07/out/estacion_meteo_pont_07.elf	0x1a0001a0	0x00000002	W	DMA_IRQHandler
misProyectos/estacion_meteo_pont_07/out/estacion_meteo_pont_07.elf	0x1a0001a0	0x00000002	W	EVRT_IRQHandler
misProyectos/estacion_meteo_pont_07/out/estacion_meteo_pont_07.elf	0x1b080000	0x00000000	A	__top_MFlashB512
misProyectos/estacion_meteo_pont_07/out/estacion_meteo_pont_07.elf	0x1a001568	0x00000010	T	RingBuffer_Init
misProyectos/estacion_meteo_pont_07/out/estacion_meteo_pont_07.elf	0x1a000974	0x0000005a	T	delayInaccurateUs
misProyectos/estacion_meteo_pont_07/out/estacion_meteo_pont_07.elf	0x1a0026cc	0x00000002	W	__aeabi_idiv0
misProyectos/estacion_meteo_pont_07/out/estacion_meteo_pont_07.elf	0x1a0020b0	0x00000014	T	Chip_Clock_DisablePLL
misProyectos/estacion_meteo_pont_07/out/estacion_meteo_pont_07.elf	0x1a001fcc	0x00000014	T	Chip_Clock_ClearPowerDown
misProyectos/estacion_meteo_pont_07/out/estacion_meteo_pont_07.elf	0x1a001374	0x0000003a	T	Chip_UART_TXIntHandlerRB
misProyectos/estacion_meteo_pont_07/out/estacion_meteo_pont_07.elf	0x1a000188	0x00000002	W	BusFault_Handler
misProyectos/estacion_meteo_pont_07/out/estacion_meteo_pont_07.elf	0x1a001f38	0x00000034	T	Chip_Clock_Enable
misProyectos/estacion_meteo_pont_07/out/estacion_meteo_pont_07.elf	0x1a000630	0x00000002	T	UART3_IRQHandler
misProyectos/estacion_meteo_pont_07/out/estacion_meteo_pont_07.elf	0x1a000a68	0x0000001c	T	delayWrite
misProyectos/estacion_meteo_pont_07/out/estacion_meteo_pont_07.elf	0x1a0001a0	0x00000002	W	MCPWM_IRQHandler
misProyectos/estacion_meteo_pont_07/out/estacion_meteo_pont_07.elf	0x1a000f74	0x00000028	T	Board_LED_Set
misProyectos/estacion_meteo_pont_07/out/estacion_meteo_pont_07.elf	0x1a0001a0	0x00000002	W	M0APP_IRQHandler
misProyectos/estacion_meteo_pont_07/out/estacion_meteo_pont_07.elf	0x1a000e44	0x00000058	T	gpioRead
misProyectos/estacion_meteo_pont_07/out/estacion_meteo_pont_07.elf	0x10000054	0x000000f0	B	schedulerTasks
misProyectos/estacion_meteo_pont_07/out/estacion_meteo_pont_07.elf	0x1a0001a0	0x00000002	W	GINT1_IRQHandler
misProyectos/estacion_meteo_pont_07/out/estacion_meteo_pont_07.elf	0x1a00033c	0x00000028	T	schedulerInit
misProyectos/estacion_meteo_pont_07/out/estacion_meteo_pont_07.elf	0x1a000810	0x00000018	T	Timer_SetCompareMatch
misProyectos/estacion_meteo_pont_07/out/estacion_meteo_pont_07.elf	0x1a0012e8	0x00000024	T	Chip_UART_ReadBlocking
misProyectos/estacion_meteo_pont_07/out/estacion_meteo_pont_07.elf	0x1a000ef4	0x00000014	T	Board_UART_Init
misProyectos/estacion_meteo_pont_07/out/estacion_meteo_pont_07.elf	0x1a001e6c	0x0000001a	T	Chip_Clock_EnableBaseClock
misProyectos/estacion_meteo_pont_07/out/estacion_meteo_pont_07.elf	0x1a001ddc	0x00000058	T	Chip_Clock_SetBaseClock
misProyectos/estacion_meteo_pont_07/out/estacion_meteo_pont_07.elf	0x1a0001a0	0x00000002	W	GPIO4_IRQHandler
misProyectos/estacion_meteo_pont_07/out/estacion_meteo_pont_07.elf	0x1a001180	0x0000000c	T	Board_SystemInit
